{
  "task": [
    {
      "_id": 1,
      "name": "Tarea 1",
      "description": "Descripcion de la tarea 1",
      "completed": false,
      "id": "f770"
    },
    {
      "_id": 2,
      "name": "Tarea 2",
      "description": "Descripcion de la tarea 2",
      "completed": false,
      "id": "b6de"
    },
    {
      "id": "09d9",
      "_id": 3,
      "name": "Tarea 3",
      "description": "Descripción de la tarea 3",
      "checked": false
    },
    {
      "id": "5999",
      "_id": 1,
      "name": "Tarea 4",
      "description": "Descripción de la tarea 4",
      "checked": false
    }
  ]
}